{
	"Metadata":
	{
		"Name": "(Sonic 3 A.I.R Flame Quest)",
		"Author": "Team Flame Quest A.I.R",
		"Description": "No Description",
		"ModVersion": "2020-08-30 Build",
		"GameVersion": "20.04.26.0"
	},
	"Settings":
	{
		"Options":
		[
			{
				"InternalName": "TitleCardTheme",
				"DisplayName": "Title Card Theme",
				"Variable": "VisualTitleCardTheme",
				"Category": "Visual",
				"DefaultValue": "0x1",
				"Options":
				{
					"0x0": "Modern",
					"0x1": "Classic"
				}
			},
			{
				"InternalName": "ScreenShakeEffects",
				"DisplayName": "Screen Shake Effects",
				"Variable": "VisualScreenShakeEffects",
				"Category": "Visual",
				"DefaultValue": "0x1",
				"Options":
				{
					"0x0": "Disabled",
					"0x1": "Enabled"
				}
			},
			{
				"InternalName": "CDSpindash",
				"DisplayName": "Spindash Style",
				"Variable": "GameplayCDSpindash",
				"Category": "Gameplay",
				"DefaultValue": "0x0",
				"Options":
				{
					"0x0": "CD",
					"0x1": "Classic"
				}
			},
			{
				"InternalName": "FastForward",
				"DisplayName": "Fast Forward (locks controls)",
				"Variable": "DevToolsFastForward",
				"Category": "Dev Tools",
				"DefaultValue": "0x0",
				"Options":
				{
					"0x0": "Off",
					"0x1": "On"
				}
			},
			{
				"InternalName": "DebugGravitySwitch",
				"DisplayName": "Debug Gravity Switch",
				"Variable": "DevToolsDebugGravitySwitch",
				"Category": "Dev Tools",
				"DefaultValue": "0x1",
				"Options":
				{
					"0x0": "Off",
					"0x1": "On"
				}
			},
			{
				"InternalName": "BHZRingDrain",
				"DisplayName": "B. Hydrocity Ring Drain",
				"Variable": "DevToolsHCZRingDrain",
				"Category": "Dev Tools",
				"DefaultValue": "0x1",
				"Options":
				{
					"0x0": "Off",
					"0x1": "On"
				}
			},
			{
				"InternalName": "BBZ2TimeLimit",
				"DisplayName": "B. Battery 2 Time Limit",
				"Variable": "DevToolsFBZ2TimeLimit",
				"Category": "Dev Tools",
				"DefaultValue": "0x1",
				"Options":
				{
					"0x0": "Off",
					"0x1": "On"
				}
			},
			{
				"InternalName": "MRZSmoke",
				"DisplayName": "Magma Reef Smoke",
				"Variable": "DevToolsLRZSmoke",
				"Category": "Dev Tools",
				"DefaultValue": "0x1",
				"Options":
				{
					"0x0": "Off",
					"0x1": "On"
				}
			},
		]
	}
	}