{
	"boss_mhz1_0x00":  { "File": "superkekko.bmp", "Rect": "1,7,64,112", "Center": "28,32" },
	"boss_mhz1_0x01":  { "File": "superkekko.bmp", "Rect": "66,7,64,112", "Center": "28,32" },
	"boss_mhz1_0x02":  { "File": "superkekko.bmp", "Rect": "131,7,64,112", "Center": "28,32" },
	"boss_mhz1_0x03":  { "File": "superkekko.bmp", "Rect": "196,7,64,112", "Center": "28,32" },
	"boss_mhz1_0x04":  { "File": "superkekko.bmp", "Rect": "1,120,64,112", "Center": "28,32" },
	"boss_mhz1_0x05":  { "File": "superkekko.bmp", "Rect": "196,346,64,112", "Center": "28,32" },
	"boss_mhz1_0x06":  { "File": "superkekko.bmp", "Rect": "131,346,64,112", "Center": "24,32" },
	"boss_mhz1_0x07":  { "File": "superkekko.bmp", "Rect": "66,120,64,112", "Center": "28,32" },
	"boss_mhz1_0x08":  { "File": "superkekko.bmp", "Rect": "1,346,64,112", "Center": "34,32" },
	"boss_mhz1_0x09":  { "File": "superkekko.bmp", "Rect": "131,120,64,112", "Center": "28,32" },
	"boss_mhz1_0x0a":  { "File": "superkekko.bmp", "Rect": "66,346,64,112", "Center": "30,32" },
	"boss_mhz1_0x0b":  { "File": "superkekko.bmp", "Rect": "196,120,80,112", "Center": "44,32" },
	"boss_mhz1_0x0c":  { "File": "superkekko.bmp", "Rect": "131,120,64,112", "Center": "28,32" },
	"boss_mhz1_0x0d":  { "File": "superkekko.bmp", "Rect": "277,120,64,112", "Center": "28,32" },
	"boss_mhz1_0x0e":  { "File": "superkekko.bmp", "Rect": "66,7,64,112", "Center": "28,32" },
	"boss_mhz1_0x0f":  { "File": "superkekko.bmp", "Rect": "1,459,64,112", "Center": "28,32" },
	"boss_mhz1_0x10":  { "File": "superkekko.bmp", "Rect": "66,233,64,112", "Center": "28,32" },
	"boss_mhz1_0x11":  { "File": "superkekko.bmp", "Rect": "131,233,64,112", "Center": "28,32" },
	"boss_mhz1_0x12":  { "File": "superkekko.bmp", "Rect": "196,233,64,112", "Center": "28,32" },
	"boss_mhz1_0x13":  { "File": "superkekko.bmp", "Rect": "66,459,64,112", "Center": "28,32" },
	"boss_mhz1_0x14":  { "File": "superkekko.bmp", "Rect": "131,459,66,112", "Center": "34,32" },
	"boss_mhz1_0x15":  { "File": "superkekko.bmp", "Rect": "198,459,64,112", "Center": "28,32" },
	"boss_mhz1_0x16":  { "File": "superkekko.bmp", "Rect": "1,7,1,1", "Center": "28,32" },
	"boss_mhz1_0x17":  { "File": "superkekko.bmp", "Rect": "1,7,1,1", "Center": "28,32" },
	"boss_mhz1_0x18":  { "File": "superkekko.bmp", "Rect": "293,11,23,23", "Center": "12,12" },
	"boss_mhz1_0x19":  { "File": "superkekko.bmp", "Rect": "293,11,23,23", "Center": "12,12" },
	"boss_mhz1_0x1A":  { "File": "superkekko.bmp", "Rect": "293,11,23,23", "Center": "12,12" },
	"boss_mhz1_0x1B":  { "File": "superkekko.bmp", "Rect": "293,11,23,23", "Center": "12,12" },
	"boss_mhz1_0x1C":  { "File": "superkekko.bmp", "Rect": "293,11,23,23", "Center": "12,12" },
	"boss_mhz1_0x1D":  { "File": "superkekko.bmp", "Rect": "293,11,23,23", "Center": "12,12" },
	"boss_mhz1_log_0x00":  { "File": "superkekko.bmp", "Rect": "261,7,31,31", "Center": "16,16" },
	"boss_mhz1_log_0x01":  { "File": "superkekko.bmp", "Rect": "261,7,31,31", "Center": "16,16" },
	"boss_mhz1_log_0x02":  { "File": "superkekko.bmp", "Rect": "261,7,31,31", "Center": "16,16" },
	"boss_mhz1_log_0x03":  { "File": "superkekko.bmp", "Rect": "261,7,31,31", "Center": "16,16" },
	"boss_mhz1_log_0x04":  { "File": "superkekko.bmp", "Rect": "261,7,31,31", "Center": "16,16" },
	"boss_mhz1_log_0x05":  { "File": "superkekko.bmp", "Rect": "261,7,31,31", "Center": "16,16" },
	"boss_mhz1_log_0x06":  { "File": "superkekko.bmp", "Rect": "261,7,31,31", "Center": "16,16" },
	"boss_mhz1_log_0x07":  { "File": "superkekko.bmp", "Rect": "261,7,31,31", "Center": "16,16" },
	"boss_mhz1_pole":  { "File": "skpole.bmp", "Rect": "0,0,4,222", "Center": "2,-80" },
	"boss_mhz1_tree":  { "File": "superkekko.bmp", "Rect": "261,233,22,164", "Center": "11,84" }
}