{
	"burning_sonic_flame_effect_0":  { "File": "burning_sonic_flame_effect.png", "Rect": "0,0,8,16", "Center": "4,8" },
	"burning_sonic_flame_effect_1":  { "File": "burning_sonic_flame_effect.png", "Rect": "0,16,8,16", "Center": "4,8" },
	"burning_sonic_flame_effect_2":  { "File": "burning_sonic_flame_effect.png", "Rect": "0,33,8,16", "Center": "4,8" },
	"burning_sonic_flame_effect_3":  { "File": "burning_sonic_flame_effect.png", "Rect": "0,16,8,16", "Center": "4,8" },
	"scorching_sonic_flame_effect_0":  { "File": "scorching_sonic_flame_effect.png", "Rect": "0,0,16,32", "Center": "8,16" },
	"scorching_sonic_flame_effect_1":  { "File": "scorching_sonic_flame_effect.png", "Rect": "0,32,16,32", "Center": "8,16" },
	"scorching_sonic_flame_effect_2":  { "File": "scorching_sonic_flame_effect.png", "Rect": "0,66,16,32", "Center": "8,16" },
	"scorching_sonic_flame_effect_3":  { "File": "scorching_sonic_flame_effect.png", "Rect": "0,32,16,32", "Center": "8,16" }
}