{
	"PaletteALZ": 
	{
		"File": "ALZ.bin",
		"RomInject": "0xA99DC"
	},
	"PaletteBPZ": 
	{
		"File": "BPZ.bin",
		"RomInject": "0xA9A3C"
	},
	"PaletteCGZ": 
	{
		"File": "CGZ.bin",
		"RomInject": "0xA9AFC"
	},
	"PaletteDPZ": 
	{
		"File": "DPZ.bin",
		"RomInject": "0xA9A9C"
	},
	"PaletteEMZ": 
	{
		"File": "EMZ.bin",
		"RomInject": "0xA9B5C"
	},
				"fbz palette":
	{
		"File": "FBZ2.bin",
		"RomInject": "0xA909C"
	},
	"PaletteHCZ1":
	{
		"File": "HCZ1.bin",
		"RomInject": "0xA8D9C"
	},
	"PaletteHCZ2":
	{
		"File": "HCZ1.bin",
		"RomInject": "0xA8DFC"
	},
	"PaletteHCZ1Water":
	{
		"File": "HCZ1Water.bin",
		"RomInject": "0xA8E5C"
	},
	"PaletteHCZ2Water":
	{
		"File": "HCZ1Water.bin",
		"RomInject": "0xA8EDC"
	},
	"PaletteICZ1":
	{
		"File": "ICZ1.bin",
		"RomInject": "0x0A915C"
	},
	"PaletteICZ2":
	{
		"File": "ICZ2.bin",
		"RomInject": "0x0A91BC"
	},
	"PaletteICZWater":
	{
		"File": "ICZWater.bin",
		"RomInject": "0x0A921C"
	},
					"fbz 2 palette":
	{
		"File": "FBZ2.bin",
		"RomInject": "0x0A90FC"
	},
	
		"fbz_indoors":
	{
		"File": "FBZ BG Indoors.bin",
		"RomInject": "0x052DC0"
	},
	
	"fbz_sky":
	{
		"File": "FBZ BG Outdoors.bin",
		"RomInject": "0x052DD0"
	},
	
		"sonic":
	{
		"File": "SonicAndTails.bin",
		"RomInject": "0x0a8a3c"
	},
	
		    "cnz flash and dark":
	{
		"File": "Flash.bin",
		"RomInject": "0x066932"
	},

	"cnz":
	{
		"File": "cnz.bin",
		"RomInject": "0x0A8FBC"
	},

	"cnz water":
	{
		"File": "cnz water.bin",
		"RomInject": "0x0A901C"
	},
	
		"cnz chunks":
	{
		"File": "cnz chunks.bin",
		"RomInject": "0x3d0e96"
	},


	"cnz blocks":
	{
		"File": "cnz blocks.bin",
		"RomInject": "0x03ccc34"
	},

	"lbz water":
	{
		"File": "Act 2 Water.bin",
		"RomInject": "0x0A935C"
	},
	
		"lbz 1":
	{
		"File": "1.bin",
		"RomInject": "0xA929C"
	},


	"lbz 2":
	{
		"File": "2.bin",
		"RomInject": "0x0A92FC"
	},

	// Replaces Mushroom Hill Zone Act 1 Palette
	"PaletteMHZ1": 
	{
		"File": "MHZ1.bin",
		"RomInject": "0x0a943c"
	},
	// Replaces Mushroom Hill Zone Act 2 Palettes
	"PaletteMHZ2Autumn": 
	{
		"File": "MHZ1.bin",
		"RomInject": "0x0550fe"
	},
	"PaletteMHZ2Winter": 
	{
		"File": "MHZ1.bin",
		"RomInject": "0x0a949c"
	},
	"PaletteSOZ1": 
	{
		"File": "SOZ1.bin",
		"RomInject": "0x0a94fc"
	},
	"PaletteLRZ2": 
	{
		"File": "LRZ2.bin",
		"RomInject": "0xA96DC"
	},
}